graph,n,m,p,D,density,floor,max_cut,certified,loc_runs,loc_hits,loc_q,loc_runs_to_hit,loc_nfev_mean,loc_cost,bh_default_runs,bh_default_hits,bh_default_q,bh_default_basins,bh_default_nfev_mean,bh_default_cost,bh_wide_q,bh_wide_cost,shell_r,shell_pf,r_median,shell_r_over_rand,distinct
g10_d40,10,18,1,28,0.4,-13,14,False,200,115,0.575,1.73913,1058.64,1841.12,20,19,0.95,4.42105,4419.6,4652.21,1,1479,3.30176,0.693353,4.95886,0.688029,115
g10_d40,10,18,2,56,0.4,-14,14,True,100,42,0.42,2.38095,5709.69,13594.5,10,8,0.8,3.125,28790.7,35988.4,1,14774.4,5.86009,0.537417,7.17184,0.863477,42
g10_d91,10,41,1,51,0.911,-25,25,True,150,27,0.18,5.55556,3325.92,18477.3,14,12,0.857143,4.25,15971.4,18633.3,1,21513.1,5.77147,0.544331,7.11208,0.891132,27
g10_d91,10,41,2,102,0.911,-25,25,True,60,14,0.233333,4.28571,11034.7,47291.7,6,5,0.833333,4.2,55826,66991.2,0.75,69593.7,8.76705,0.606334,9.74314,0.95718,14
g6_d47,6,7,1,13,0.467,-5.5,6,False,200,126,0.63,1.5873,375.83,596.556,20,20,1,1.7,725.9,725.9,1,462,2.16847,0.586595,3.31085,0.663167,126
g6_d47,6,7,2,26,0.467,-6,6,True,200,119,0.595,1.68067,1652.4,2777.14,20,20,1,3.45,5691.6,5691.6,1,2268,3.53448,0.774321,4.62068,0.764328,119
g6_d47,6,7,3,39,0.467,-6,6,True,100,100,1,1,3455.6,3455.6,10,10,1,1,3308,3308,1,3760,4.62766,0.716434,5.78082,0.81709,100
g8_d36,8,10,1,18,0.357,-8,9,False,200,194,0.97,1.03093,766.27,789.969,20,20,1,1,855.95,855.95,1,866.4,2.69492,0.71387,3.82213,0.700408,194
g8_d36,8,10,2,36,0.357,-9,9,True,150,27,0.18,5.55556,2371.21,13173.4,14,8,0.571429,4.125,24166.3,42291,1,13589.6,4.31492,0.722835,5.50907,0.79298,27
g8_d36,8,10,3,54,0.357,-9,9,True,100,98,0.98,1.02041,6543.9,6677.45,10,10,1,1,5654,5654,1,4268,5.88994,0.675701,6.97372,0.883801,98
g8_d50,8,14,1,22,0.5,-10,10,True,200,101,0.505,1.9802,829.38,1642.34,20,17,0.85,2.64706,3923.8,4616.24,1,1488.1,3.4035,0.699484,4.45355,0.80012,101
g8_d50,8,14,2,44,0.5,-10,10,True,150,149,0.993333,1.00671,4057.2,4084.43,14,14,1,1,4612.5,4612.5,1,6023.57,5.26166,0.811226,6.34331,0.874656,149
g8_d50,8,14,3,66,0.5,-10,10,True,60,60,1,1,11097.4,11097.4,6,6,1,1,11434.7,11434.7,1,10167.2,6.58173,0.835274,7.73511,0.893323,60
g8_d75,8,21,1,29,0.75,-14,14,True,200,16,0.08,12.5,1368.45,17105.6,20,5,0.25,11,16920,67680,0.7,26807.1,4.3018,0.68313,5.32683,0.88083,16
g8_d75,8,21,2,58,0.75,-14,14,True,100,74,0.74,1.35135,7054.04,9532.49,10,10,1,1.6,12089.1,12089.1,1,8673,6.06653,0.70369,7.33917,0.878348,74
g8_d75,8,21,3,87,0.75,-14,14,True,60,51,0.85,1.17647,13906.9,16361.1,6,6,1,1.16667,15370.7,15370.7,1,14454,7.7066,0.74548,8.96487,0.911054,51
