cell,gate,regime,rmax,fmin,shell_r,shell_pf,rmax_over_shell,loc_runs,loc_hits,loc_skipped,loc_q,loc_nfev_mean,loc_cost,bh_runs,bh_hits,bh_q,bh_cost
6_3-regular_p1,F0.5,ball,2.44359,0.353553,2.22144,0.707107,1.1,100,15,0,0.15,1028.64,6857.6,8,1,0.125,32736
6_3-regular_p1,F0.5,box,2.44359,0.353553,2.22144,0.707107,1.1,100,0,0,0,16,,8,0,0,
6_3-regular_p1,F0.8,ball,2.44359,0.565685,2.22144,0.707107,1.1,100,17,0,0.17,1078.4,6343.53,8,3,0.375,10453.3
6_3-regular_p1,F0.8,box,2.44359,0.565685,2.22144,0.707107,1.1,100,1,0,0.01,21.44,2144,8,0,0,
6_3-regular_p1,F0.98,ball,2.44359,0.692965,2.22144,0.707107,1.1,100,12,0,0.12,1087.04,9058.67,8,2,0.25,14680
6_3-regular_p1,F0.98,box,2.44359,0.692965,2.22144,0.707107,1.1,100,0,0,0,35.2,,8,0,0,
6_3-regular_p1,R1.0,ball,2.22144,0,2.22144,0.707107,1,100,12,0,0.12,1196.64,9972,8,4,0.5,6052
6_3-regular_p1,R1.0,box,2.22144,0,2.22144,0.707107,1,100,0,0,0,16,,8,0,0,
6_3-regular_p1,R1.1,ball,2.44359,0,2.22144,0.707107,1.1,100,16,0,0.16,1068.32,6677,8,3,0.375,7050.67
6_3-regular_p1,R1.1,box,2.44359,0,2.22144,0.707107,1.1,100,0,0,0,16,,8,0,0,
6_3-regular_p1,R1.2,ball,2.66573,0,2.22144,0.707107,1.2,100,13,0,0.13,1122.72,8636.31,8,2,0.25,19352
6_3-regular_p1,R1.2,box,2.66573,0,2.22144,0.707107,1.2,100,0,0,0,112.16,,8,0,0,
6_3-regular_p1,R1.4,ball,3.11002,0,2.22144,0.707107,1.4,100,24,0,0.24,1076.96,4487.33,8,4,0.5,11340
6_3-regular_p1,R1.4,box,3.11002,0,2.22144,0.707107,1.4,100,7,0,0.07,162.08,2315.43,8,2,0.25,12192
6_3-regular_p1,RNone,box,,0,2.22144,0.707107,,100,100,0,1,550.24,550.24,8,8,1,598
6_3-regular_p2,F0.5,ball,4.4169,0.424547,4.01537,0.849095,1.1,100,28,0,0.28,2102.11,7507.54,8,7,0.875,7887.29
6_3-regular_p2,F0.5,box,4.4169,0.424547,4.01537,0.849095,1.1,100,3,0,0.03,157.79,5259.67,8,0,0,
6_3-regular_p2,F0.8,ball,4.4169,0.679276,4.01537,0.849095,1.1,100,13,0,0.13,2539.52,19534.8,8,2,0.25,36068.5
6_3-regular_p2,F0.8,box,4.4169,0.679276,4.01537,0.849095,1.1,100,0,0,0,156.24,,8,0,0,
6_3-regular_p2,F0.98,ball,4.4169,0.832113,4.01537,0.849095,1.1,100,1,0,0.01,2224.87,222487,8,1,0.125,78554
6_3-regular_p2,F0.98,box,4.4169,0.832113,4.01537,0.849095,1.1,100,0,0,0,31,,8,0,0,
6_3-regular_p2,R1.0,ball,4.01537,0,4.01537,0.849095,1,100,17,0,0.17,2057.47,12102.8,8,7,0.875,5867.86
6_3-regular_p2,R1.0,box,4.01537,0,4.01537,0.849095,1,100,1,0,0.01,86.18,8618,8,1,0.125,6262
6_3-regular_p2,R1.1,ball,4.4169,0,4.01537,0.849095,1.1,100,27,0,0.27,2604.93,9647.89,8,6,0.75,11082.5
6_3-regular_p2,R1.1,box,4.4169,0,4.01537,0.849095,1.1,100,2,0,0.02,195.92,9796,8,2,0.25,8354.5
6_3-regular_p2,R1.2,ball,4.81844,0,4.01537,0.849095,1.2,100,37,0,0.37,2306.4,6233.51,8,8,1,4533.75
6_3-regular_p2,R1.2,box,4.81844,0,4.01537,0.849095,1.2,100,16,0,0.16,732.53,4578.31,8,3,0.375,14136
6_3-regular_p2,R1.4,ball,5.62151,0,4.01537,0.849095,1.4,100,85,0,0.85,2328.41,2739.31,8,8,1,1681.75
6_3-regular_p2,R1.4,box,5.62151,0,4.01537,0.849095,1.4,100,70,0,0.7,2390.41,3414.87,8,8,1,3286
6_3-regular_p2,RNone,box,,0,4.01537,0.849095,,100,100,0,1,2191.7,2191.7,8,8,1,1956.88
6_3-regular_p3,R1.4,box,7.65142,0,5.4653,0.619868,1.4,100,100,0,1,8837.52,8837.52,0,0,0,
6_3-regular_p3,RNone,box,,0,5.4653,0.619868,,100,100,0,1,8551.4,8551.4,8,8,1,8613.5
6_er-dense_p1,F0.5,ball,2.73201,0.41833,2.48365,0.83666,1.1,100,5,0,0.05,1159.91,23198.2,8,0,0,
6_er-dense_p1,F0.5,box,2.73201,0.41833,2.48365,0.83666,1.1,100,0,0,0,38.59,,8,0,0,
6_er-dense_p1,F0.8,ball,2.73201,0.669328,2.48365,0.83666,1.1,100,0,0,0,1202.58,,8,0,0,
6_er-dense_p1,F0.8,box,2.73201,0.669328,2.48365,0.83666,1.1,100,0,0,0,17,,8,0,0,
6_er-dense_p1,F0.98,ball,2.73201,0.819927,2.48365,0.83666,1.1,100,1,0,0.01,1057.91,105791,8,0,0,
6_er-dense_p1,F0.98,box,2.73201,0.819927,2.48365,0.83666,1.1,100,0,0,0,17,,8,0,0,
6_er-dense_p1,R1.0,ball,2.48365,0,2.48365,0.83666,1,100,6,0,0.06,1116.73,18612.2,8,0,0,
6_er-dense_p1,R1.0,box,2.48365,0,2.48365,0.83666,1,100,0,0,0,17,,8,0,0,
6_er-dense_p1,R1.1,ball,2.73201,0,2.48365,0.83666,1.1,100,3,0,0.03,1175.38,39179.3,8,1,0.125,32810
6_er-dense_p1,R1.1,box,2.73201,0,2.48365,0.83666,1.1,100,0,0,0,43.69,,8,0,0,
6_er-dense_p1,R1.2,ball,2.98038,0,2.48365,0.83666,1.2,100,15,0,0.15,1022.72,6818.13,8,3,0.375,9950.67
6_er-dense_p1,R1.2,box,2.98038,0,2.48365,0.83666,1.2,100,0,0,0,114.07,,8,0,0,
6_er-dense_p1,R1.4,ball,3.47711,0,2.48365,0.83666,1.4,100,16,0,0.16,945.54,5909.62,8,3,0.375,10443.7
6_er-dense_p1,R1.4,box,3.47711,0,2.48365,0.83666,1.4,100,8,0,0.08,450.84,5635.5,8,3,0.375,7128.67
6_er-dense_p1,RNone,box,,0,2.48365,0.83666,,100,33,0,0.33,500.14,1515.58,8,6,0.75,2133.5
6_er-dense_p2,F0.5,ball,4.70227,0.412158,4.27479,0.824317,1.1,100,28,0,0.28,2392.5,8544.64,8,6,0.75,15691.5
6_er-dense_p2,F0.5,box,4.70227,0.412158,4.27479,0.824317,1.1,100,7,0,0.07,363,5185.71,8,1,0.125,28611
6_er-dense_p2,F0.8,ball,4.70227,0.659454,4.27479,0.824317,1.1,100,12,0,0.12,2626.14,21884.5,8,8,1,8101.5
6_er-dense_p2,F0.8,box,4.70227,0.659454,4.27479,0.824317,1.1,100,3,0,0.03,248.16,8272,8,2,0.25,6682.5
6_er-dense_p2,F0.98,ball,4.70227,0.807831,4.27479,0.824317,1.1,100,2,0,0.02,2520.21,126011,8,2,0.25,27142.5
6_er-dense_p2,F0.98,box,4.70227,0.807831,4.27479,0.824317,1.1,100,0,0,0,33,,8,0,0,
6_er-dense_p2,R1.0,ball,4.27479,0,4.27479,0.824317,1,100,18,0,0.18,2487.54,13819.7,8,5,0.625,11497.2
6_er-dense_p2,R1.0,box,4.27479,0,4.27479,0.824317,1,100,0,0,0,84.15,,8,0,0,
6_er-dense_p2,R1.1,ball,4.70227,0,4.27479,0.824317,1.1,100,32,0,0.32,2346.3,7332.19,8,7,0.875,11172.9
6_er-dense_p2,R1.1,box,4.70227,0,4.27479,0.824317,1.1,100,8,0,0.08,426.69,5333.62,8,3,0.375,5962
6_er-dense_p2,R1.2,ball,5.12975,0,4.27479,0.824317,1.2,100,52,0,0.52,2546.61,4897.33,8,8,1,4067.25
6_er-dense_p2,R1.2,box,5.12975,0,4.27479,0.824317,1.2,100,22,0,0.22,839.85,3817.5,8,7,0.875,4681.29
6_er-dense_p2,R1.4,ball,5.98471,0,4.27479,0.824317,1.4,100,92,0,0.92,1971.75,2143.21,8,8,1,4558.12
6_er-dense_p2,R1.4,box,5.98471,0,4.27479,0.824317,1.4,100,85,0,0.85,1916.31,2254.48,8,8,1,2990.62
6_er-dense_p2,RNone,box,,0,4.27479,0.824317,,100,96,0,0.96,2086.26,2173.19,8,8,1,2347.12
6_er-dense_p3,F0.5,ball,6.35564,0.41038,5.77785,0.82076,1.1,100,43,0,0.43,5407.64,12575.9,8,7,0.875,19166
6_er-dense_p3,F0.5,box,6.35564,0.41038,5.77785,0.82076,1.1,100,30,0,0.3,3505.95,11686.5,8,6,0.75,18138.2
6_er-dense_p3,F0.8,ball,6.35564,0.656608,5.77785,0.82076,1.1,100,28,0,0.28,4493.3,16047.5,8,7,0.875,24213
6_er-dense_p3,F0.8,box,6.35564,0.656608,5.77785,0.82076,1.1,100,17,0,0.17,2420.11,14235.9,8,6,0.75,24206
6_er-dense_p3,F0.98,ball,6.35564,0.804344,5.77785,0.82076,1.1,100,1,0,0.01,3007.13,300713,8,1,0.125,68012
6_er-dense_p3,F0.98,box,6.35564,0.804344,5.77785,0.82076,1.1,100,0,0,0,184.24,,8,1,0.125,64631
6_er-dense_p3,R1.0,ball,5.77785,0,5.77785,0.82076,1,100,27,0,0.27,5064.64,18757.9,8,7,0.875,15099
6_er-dense_p3,R1.0,box,5.77785,0,5.77785,0.82076,1,100,2,0,0.02,332.22,16611,8,3,0.375,7464.33
6_er-dense_p3,R1.1,ball,6.35564,0,5.77785,0.82076,1.1,100,53,0,0.53,5925.57,11180.3,8,8,1,11956
6_er-dense_p3,R1.1,box,6.35564,0,5.77785,0.82076,1.1,100,29,0,0.29,3792.11,13076.2,8,7,0.875,9072
6_er-dense_p3,R1.2,ball,6.93342,0,5.77785,0.82076,1.2,100,32,0,0.32,2896.39,9051.22,8,2,0.25,15018.5
6_er-dense_p3,R1.2,box,6.93342,0,5.77785,0.82076,1.2,100,78,0,0.78,6880.58,8821.26,8,8,1,8115.62
6_er-dense_p3,R1.4,ball,8.08899,0,5.77785,0.82076,1.4,100,0,0,0,0,,8,0,0,
6_er-dense_p3,R1.4,box,8.08899,0,5.77785,0.82076,1.4,100,99,0,0.99,7654.29,7731.61,8,8,1,6210.75
6_er-dense_p3,RNone,box,,0,5.77785,0.82076,,100,99,0,0.99,8045.31,8126.58,8,8,1,9836.75
6_er-medium_p1,F0.5,ball,2.73201,0.387298,2.48365,0.774597,1.1,100,12,0,0.12,1034.1,8617.5,8,4,0.5,5347.5
6_er-medium_p1,F0.5,box,2.73201,0.387298,2.48365,0.774597,1.1,100,0,0,0,69.6,,8,0,0,
6_er-medium_p1,F0.8,ball,2.73201,0.619677,2.48365,0.774597,1.1,100,11,0,0.11,962.25,8747.73,8,0,0,
6_er-medium_p1,F0.8,box,2.73201,0.619677,2.48365,0.774597,1.1,100,0,0,0,49.5,,8,1,0.125,11640
6_er-medium_p1,F0.98,ball,2.73201,0.759105,2.48365,0.774597,1.1,100,9,0,0.09,1046.55,11628.3,8,1,0.125,34740
6_er-medium_p1,F0.98,box,2.73201,0.759105,2.48365,0.774597,1.1,100,0,0,0,32.85,,8,1,0.125,4035
6_er-medium_p1,R1.0,ball,2.48365,0,2.48365,0.774597,1,100,8,0,0.08,1106.4,13830,8,1,0.125,38175
6_er-medium_p1,R1.0,box,2.48365,0,2.48365,0.774597,1,100,0,0,0,40.65,,8,0,0,
6_er-medium_p1,R1.1,ball,2.73201,0,2.48365,0.774597,1.1,100,15,0,0.15,970.8,6472,8,2,0.25,14700
6_er-medium_p1,R1.1,box,2.73201,0,2.48365,0.774597,1.1,100,1,0,0.01,73.35,7335,8,0,0,
6_er-medium_p1,R1.2,ball,2.98038,0,2.48365,0.774597,1.2,100,31,0,0.31,814.65,2627.9,8,2,0.25,17070
6_er-medium_p1,R1.2,box,2.98038,0,2.48365,0.774597,1.2,100,4,0,0.04,131.55,3288.75,8,4,0.5,2025
6_er-medium_p1,R1.4,ball,3.47711,0,2.48365,0.774597,1.4,100,58,0,0.58,669.6,1154.48,8,7,0.875,2535
6_er-medium_p1,R1.4,box,3.47711,0,2.48365,0.774597,1.4,100,42,0,0.42,378.15,900.357,8,5,0.625,3519
6_er-medium_p1,RNone,box,,0,2.48365,0.774597,,100,72,0,0.72,428.7,595.417,8,8,1,480
6_er-medium_p2,F0.5,ball,3.72974,0.444035,3.39067,0.88807,1.1,100,26,0,0.26,1899.21,7304.65,8,4,0.5,16087.8
6_er-medium_p2,F0.5,box,3.72974,0.444035,3.39067,0.88807,1.1,100,0,0,0,29,,8,0,0,
6_er-medium_p2,F0.8,ball,3.72974,0.710456,3.39067,0.88807,1.1,100,6,0,0.06,2130.63,35510.5,8,3,0.375,13301.3
6_er-medium_p2,F0.8,box,3.72974,0.710456,3.39067,0.88807,1.1,100,0,0,0,29,,8,0,0,
6_er-medium_p2,F0.98,ball,3.72974,0.870309,3.39067,0.88807,1.1,100,5,0,0.05,1928.5,38570,8,0,0,
6_er-medium_p2,F0.98,box,3.72974,0.870309,3.39067,0.88807,1.1,100,0,0,0,29,,8,0,0,
6_er-medium_p2,R1.0,ball,3.39067,0,3.39067,0.88807,1,100,15,0,0.15,1970.55,13137,8,3,0.375,12035
6_er-medium_p2,R1.0,box,3.39067,0,3.39067,0.88807,1,100,0,0,0,29,,8,0,0,
6_er-medium_p2,R1.1,ball,3.72974,0,3.39067,0.88807,1.1,100,27,0,0.27,1859.48,6886.96,8,4,0.5,10353
6_er-medium_p2,R1.1,box,3.72974,0,3.39067,0.88807,1.1,100,0,0,0,59.16,,8,0,0,
6_er-medium_p2,R1.2,ball,4.0688,0,3.39067,0.88807,1.2,100,22,0,0.22,2000.13,9091.5,8,6,0.75,8820.83
6_er-medium_p2,R1.2,box,4.0688,0,3.39067,0.88807,1.2,100,0,0,0,112.52,,8,0,0,
6_er-medium_p2,R1.4,ball,4.74694,0,3.39067,0.88807,1.4,100,56,0,0.56,1722.31,3075.55,8,8,1,3697.5
6_er-medium_p2,R1.4,box,4.74694,0,3.39067,0.88807,1.4,100,18,0,0.18,665.55,3697.5,8,6,0.75,1706.17
6_er-medium_p2,RNone,box,,0,3.39067,0.88807,,100,99,0,0.99,1414.62,1428.91,8,8,1,1294.12
6_er-medium_p3,F0.5,ball,5.40399,0.367049,4.91272,0.734099,1.1,100,27,0,0.27,3611.14,13374.6,8,7,0.875,13016.7
6_er-medium_p3,F0.5,box,5.40399,0.367049,4.91272,0.734099,1.1,100,9,0,0.09,586.52,6516.89,8,1,0.125,34400
6_er-medium_p3,F0.8,ball,5.40399,0.587279,4.91272,0.734099,1.1,100,25,0,0.25,3443.87,13775.5,8,7,0.875,10553.4
6_er-medium_p3,F0.8,box,5.40399,0.587279,4.91272,0.734099,1.1,100,5,0,0.05,394.31,7886.2,8,2,0.25,17501
6_er-medium_p3,F0.98,ball,5.40399,0.719417,4.91272,0.734099,1.1,100,15,0,0.15,3550.08,23667.2,8,6,0.75,11724.7
6_er-medium_p3,F0.98,box,5.40399,0.719417,4.91272,0.734099,1.1,100,0,0,0,161.68,,8,0,0,
6_er-medium_p3,R1.0,ball,4.91272,0,4.91272,0.734099,1,100,24,0,0.24,3483,14512.5,8,7,0.875,9275.71
6_er-medium_p3,R1.0,box,4.91272,0,4.91272,0.734099,1,100,1,0,0.01,145.34,14534,8,0,0,
6_er-medium_p3,R1.1,ball,5.40399,0,4.91272,0.734099,1.1,100,33,0,0.33,3581.9,10854.2,8,8,1,9116
6_er-medium_p3,R1.1,box,5.40399,0,4.91272,0.734099,1.1,100,4,0,0.04,523.31,13082.8,8,3,0.375,11452.3
6_er-medium_p3,R1.2,ball,5.89527,0,4.91272,0.734099,1.2,100,58,0,0.58,3506.65,6045.95,8,8,1,14179.2
6_er-medium_p3,R1.2,box,5.89527,0,4.91272,0.734099,1.2,100,30,0,0.3,1843.41,6144.7,8,7,0.875,6972.14
6_er-medium_p3,R1.4,ball,6.87781,0,4.91272,0.734099,1.4,100,15,0,0.15,498.37,3322.47,8,1,0.125,3698
6_er-medium_p3,R1.4,box,6.87781,0,4.91272,0.734099,1.4,100,95,0,0.95,3759.06,3956.91,8,8,1,3445.38
6_er-medium_p3,RNone,box,,0,4.91272,0.734099,,100,100,0,1,4143.48,4143.48,8,8,1,4106.5
6_er-sparse_p1,F0.5,ball,2.29258,0.366992,2.08416,0.733984,1.1,100,36,0,0.36,667.16,1853.22,8,6,0.75,2543.67
6_er-sparse_p1,F0.5,box,2.29258,0.366992,2.08416,0.733984,1.1,100,0,0,0,18.72,,8,1,0.125,1716
6_er-sparse_p1,F0.8,ball,2.29258,0.587188,2.08416,0.733984,1.1,100,30,0,0.3,656.37,2187.9,8,5,0.625,3062.8
6_er-sparse_p1,F0.8,box,2.29258,0.587188,2.08416,0.733984,1.1,100,1,0,0.01,22.62,2262,8,0,0,
6_er-sparse_p1,F0.98,ball,2.29258,0.719305,2.08416,0.733984,1.1,100,12,0,0.12,900.12,7501,8,5,0.625,2129.4
6_er-sparse_p1,F0.98,box,2.29258,0.719305,2.08416,0.733984,1.1,100,1,0,0.01,38.09,3809,8,0,0,
6_er-sparse_p1,R1.0,ball,2.08416,0,2.08416,0.733984,1,100,29,0,0.29,708.89,2444.45,8,4,0.5,4098.25
6_er-sparse_p1,R1.0,box,2.08416,0,2.08416,0.733984,1,100,0,0,0,39.13,,8,0,0,
6_er-sparse_p1,R1.1,ball,2.29258,0,2.08416,0.733984,1.1,100,25,0,0.25,772.59,3090.36,8,4,0.5,6951.75
6_er-sparse_p1,R1.1,box,2.29258,0,2.08416,0.733984,1.1,100,0,0,0,35.1,,8,0,0,
6_er-sparse_p1,R1.2,ball,2.501,0,2.08416,0.733984,1.2,100,39,0,0.39,599.69,1537.67,8,5,0.625,4456.4
6_er-sparse_p1,R1.2,box,2.501,0,2.08416,0.733984,1.2,100,4,0,0.04,73.71,1842.75,8,2,0.25,1885
6_er-sparse_p1,R1.4,ball,2.91783,0,2.08416,0.733984,1.4,100,64,0,0.64,463.06,723.531,8,8,1,1119.62
6_er-sparse_p1,R1.4,box,2.91783,0,2.08416,0.733984,1.4,100,19,0,0.19,155.35,817.632,8,5,0.625,1287
6_er-sparse_p1,RNone,box,,0,2.08416,0.733984,,100,100,0,1,261.82,261.82,8,8,1,245.375
6_er-sparse_p2,F0.5,ball,3.8396,0.419163,3.49055,0.838326,1.1,100,46,0,0.46,1408.5,3061.96,8,8,1,2593.75
6_er-sparse_p2,F0.5,box,3.8396,0.419163,3.49055,0.838326,1.1,100,1,0,0.01,142.5,14250,8,0,0,
6_er-sparse_p2,F0.8,ball,3.8396,0.670661,3.49055,0.838326,1.1,100,18,0,0.18,1952.75,10848.6,8,8,1,4500
6_er-sparse_p2,F0.8,box,3.8396,0.670661,3.49055,0.838326,1.1,100,1,0,0.01,109,10900,8,1,0.125,10625
6_er-sparse_p2,F0.98,ball,3.8396,0.82156,3.49055,0.838326,1.1,100,7,0,0.07,1634.75,23353.6,8,1,0.125,33200
6_er-sparse_p2,F0.98,box,3.8396,0.82156,3.49055,0.838326,1.1,100,0,0,0,59.75,,8,0,0,
6_er-sparse_p2,R1.0,ball,3.49055,0,3.49055,0.838326,1,100,26,0,0.26,1521,5850,8,5,0.625,5245
6_er-sparse_p2,R1.0,box,3.49055,0,3.49055,0.838326,1,100,2,0,0.02,76.75,3837.5,8,1,0.125,4350
6_er-sparse_p2,R1.1,ball,3.8396,0,3.49055,0.838326,1.1,100,37,0,0.37,1594.25,4308.78,8,7,0.875,4928.57
6_er-sparse_p2,R1.1,box,3.8396,0,3.49055,0.838326,1.1,100,3,0,0.03,94.25,3141.67,8,2,0.25,9112.5
6_er-sparse_p2,R1.2,ball,4.18866,0,3.49055,0.838326,1.2,100,49,0,0.49,1444.25,2947.45,8,8,1,3487.5
6_er-sparse_p2,R1.2,box,4.18866,0,3.49055,0.838326,1.2,100,13,0,0.13,469.5,3611.54,8,5,0.625,3970
6_er-sparse_p2,R1.4,ball,4.88677,0,3.49055,0.838326,1.4,100,87,0,0.87,979.75,1126.15,8,8,1,1631.25
6_er-sparse_p2,R1.4,box,4.88677,0,3.49055,0.838326,1.4,100,77,0,0.77,891.5,1157.79,8,8,1,1078.12
6_er-sparse_p2,RNone,box,,0,3.49055,0.838326,,100,100,0,1,849.25,849.25,8,8,1,1050
6_er-sparse_p3,F0.5,ball,4.69268,0.328098,4.26607,0.656197,1.1,100,37,0,0.37,2546.71,6883,8,7,0.875,9482.57
6_er-sparse_p3,F0.5,box,4.69268,0.328098,4.26607,0.656197,1.1,100,1,0,0.01,82.88,8288,8,0,0,
6_er-sparse_p3,F0.8,ball,4.69268,0.524958,4.26607,0.656197,1.1,100,35,0,0.35,2320.27,6629.34,8,5,0.625,8591.4
6_er-sparse_p3,F0.8,box,4.69268,0.524958,4.26607,0.656197,1.1,100,2,0,0.02,194.25,9712.5,8,1,0.125,5217
6_er-sparse_p3,F0.98,ball,4.69268,0.643073,4.26607,0.656197,1.1,100,30,0,0.3,2668.81,8896.03,8,6,0.75,7874.83
6_er-sparse_p3,F0.98,box,4.69268,0.643073,4.26607,0.656197,1.1,100,0,0,0,53.65,,8,0,0,
6_er-sparse_p3,R1.0,ball,4.26607,0,4.26607,0.656197,1,100,30,0,0.3,2453.1,8177,8,6,0.75,9065
6_er-sparse_p3,R1.0,box,4.26607,0,4.26607,0.656197,1,100,0,0,0,37,,8,1,0.125,6845
6_er-sparse_p3,R1.1,ball,4.69268,0,4.26607,0.656197,1.1,100,38,0,0.38,2454.58,6459.42,8,6,0.75,8226.33
6_er-sparse_p3,R1.1,box,4.69268,0,4.26607,0.656197,1.1,100,0,0,0,135.05,,8,0,0,
6_er-sparse_p3,R1.2,ball,5.11929,0,4.26607,0.656197,1.2,100,65,0,0.65,2222.59,3419.37,8,6,0.75,5691.83
6_er-sparse_p3,R1.2,box,5.11929,0,4.26607,0.656197,1.2,100,16,0,0.16,624.56,3903.5,8,2,0.25,18999.5
6_er-sparse_p3,R1.4,ball,5.9725,0,4.26607,0.656197,1.4,100,86,0,0.86,2022.42,2351.65,8,8,1,2021.12
6_er-sparse_p3,R1.4,box,5.9725,0,4.26607,0.656197,1.4,100,82,0,0.82,1811.52,2209.17,8,8,1,2178.38
6_er-sparse_p3,RNone,box,,0,4.26607,0.656197,,100,100,0,1,2166.72,2166.72,8,8,1,2270.88
6_er-sparse_u_half0_p1,F0.5,ball,2.44443,0.353676,2.22221,0.707351,1.1,100,88,0,0.88,591.63,672.307,8,7,0.875,1779.14
6_er-sparse_u_half0_p1,F0.5,box,2.44443,0.353676,2.22221,0.707351,1.1,100,80,0,0.8,587.34,734.175,8,7,0.875,1197.86
6_er-sparse_u_half0_p1,F0.8,ball,2.44443,0.565881,2.22221,0.707351,1.1,100,87,0,0.87,628.42,722.322,8,8,1,1121.25
6_er-sparse_u_half0_p1,F0.8,box,2.44443,0.565881,2.22221,0.707351,1.1,100,84,0,0.84,604.63,719.798,8,7,0.875,1292.57
6_er-sparse_u_half0_p1,F0.98,ball,2.44443,0.693204,2.22221,0.707351,1.1,100,82,0,0.82,571.74,697.244,8,8,1,1337.38
6_er-sparse_u_half0_p1,F0.98,box,2.44443,0.693204,2.22221,0.707351,1.1,100,87,0,0.87,631.67,726.057,8,7,0.875,2473.71
6_er-sparse_u_half0_p1,R1.0,ball,2.22221,0,2.22221,0.707351,1,100,71,0,0.71,561.34,790.62,8,8,1,809.25
6_er-sparse_u_half0_p1,R1.0,box,2.22221,0,2.22221,0.707351,1,100,76,0,0.76,568.1,747.5,8,7,0.875,2527.57
6_er-sparse_u_half0_p1,R1.1,ball,2.44443,0,2.22221,0.707351,1.1,100,78,0,0.78,566.28,726,8,8,1,601.25
6_er-sparse_u_half0_p1,R1.1,box,2.44443,0,2.22221,0.707351,1.1,100,81,0,0.81,602.16,743.407,8,8,1,911.625
6_er-sparse_u_half0_p1,R1.2,ball,2.66665,0,2.22221,0.707351,1.2,100,77,0,0.77,571.35,742.013,8,7,0.875,1305.57
6_er-sparse_u_half0_p1,R1.2,box,2.66665,0,2.22221,0.707351,1.2,100,85,0,0.85,607.36,714.541,8,8,1,1261
6_er-sparse_u_half0_p1,R1.4,ball,3.11109,0,2.22221,0.707351,1.4,100,85,0,0.85,607.1,714.235,8,8,1,741
6_er-sparse_u_half0_p1,R1.4,box,3.11109,0,2.22221,0.707351,1.4,100,89,0,0.89,603.85,678.483,8,8,1,1264.25
6_er-sparse_u_half0_p1,RNone,box,,0,2.22221,0.707351,,100,84,0,0.84,618.93,736.821,8,8,1,612.625
6_er-sparse_u_half0_p2,F0.5,ball,3.08067,0.356154,2.80061,0.712308,1.1,100,93,0,0.93,1648,1772.04,8,8,1,1734.38
6_er-sparse_u_half0_p2,F0.5,box,3.08067,0.356154,2.80061,0.712308,1.1,100,89,0,0.89,1656.25,1860.96,8,8,1,1609.38
6_er-sparse_u_half0_p2,F0.8,ball,3.08067,0.569847,2.80061,0.712308,1.1,100,95,0,0.95,1766.25,1859.21,8,8,1,2131.25
6_er-sparse_u_half0_p2,F0.8,box,3.08067,0.569847,2.80061,0.712308,1.1,100,95,0,0.95,1578,1661.05,8,8,1,2253.12
6_er-sparse_u_half0_p2,F0.98,ball,3.08067,0.698062,2.80061,0.712308,1.1,100,93,0,0.93,1769.75,1902.96,8,8,1,1675
6_er-sparse_u_half0_p2,F0.98,box,3.08067,0.698062,2.80061,0.712308,1.1,100,93,0,0.93,1796.5,1931.72,8,8,1,1818.75
6_er-sparse_u_half0_p2,R1.0,ball,2.80061,0,2.80061,0.712308,1,100,95,0,0.95,1723.25,1813.95,8,8,1,1953.12
6_er-sparse_u_half0_p2,R1.0,box,2.80061,0,2.80061,0.712308,1,92,87,8,0.945652,1786.68,2024.08,8,8,1,1875
6_er-sparse_u_half0_p2,R1.1,ball,3.08067,0,2.80061,0.712308,1.1,100,96,0,0.96,1691.5,1761.98,8,8,1,2062.5
6_er-sparse_u_half0_p2,R1.1,box,3.08067,0,2.80061,0.712308,1.1,100,93,0,0.93,1785.5,1919.89,8,8,1,1875
6_er-sparse_u_half0_p2,R1.2,ball,3.36073,0,2.80061,0.712308,1.2,100,94,0,0.94,1747.25,1858.78,8,8,1,1868.75
6_er-sparse_u_half0_p2,R1.2,box,3.36073,0,2.80061,0.712308,1.2,100,96,0,0.96,1740,1812.5,8,8,1,1762.5
6_er-sparse_u_half0_p2,R1.4,ball,3.92085,0,2.80061,0.712308,1.4,100,90,0,0.9,1641.25,1823.61,8,8,1,1546.88
6_er-sparse_u_half0_p2,R1.4,box,3.92085,0,2.80061,0.712308,1.4,100,95,0,0.95,1697.25,1786.58,8,8,1,1875
6_er-sparse_u_half0_p2,RNone,box,,0,2.80061,0.712308,,100,94,0,0.94,1642.75,1747.61,8,8,1,1821.88
6_er-sparse_u_half0_p3,F0.5,ball,4.83443,0.403944,4.39494,0.807887,1.1,100,100,0,1,3089.87,3089.87,8,8,1,2289.38
6_er-sparse_u_half0_p3,F0.5,box,4.83443,0.403944,4.39494,0.807887,1.1,100,99,0,0.99,3122.8,3154.34,8,8,1,3528.88
6_er-sparse_u_half0_p3,F0.8,ball,4.83443,0.64631,4.39494,0.807887,1.1,100,98,0,0.98,3105.04,3168.41,8,8,1,2067.38
6_er-sparse_u_half0_p3,F0.8,box,4.83443,0.64631,4.39494,0.807887,1.1,100,97,0,0.97,2600.36,2680.78,8,8,1,2867.5
6_er-sparse_u_half0_p3,F0.98,ball,4.83443,0.79173,4.39494,0.807887,1.1,100,96,0,0.96,3274.87,3411.32,8,8,1,3047.88
6_er-sparse_u_half0_p3,F0.98,box,4.83443,0.79173,4.39494,0.807887,1.1,100,98,0,0.98,3045.1,3107.24,8,8,1,2224.62
6_er-sparse_u_half0_p3,R1.0,ball,4.39494,0,4.39494,0.807887,1,100,98,0,0.98,2705.44,2760.65,8,8,1,2973.88
6_er-sparse_u_half0_p3,R1.0,box,4.39494,0,4.39494,0.807887,1,100,100,0,1,2646.61,2646.61,8,8,1,2368
6_er-sparse_u_half0_p3,R1.1,ball,4.83443,0,4.39494,0.807887,1.1,100,98,0,0.98,3128.72,3192.57,8,8,1,2155.25
6_er-sparse_u_half0_p3,R1.1,box,4.83443,0,4.39494,0.807887,1.1,100,97,0,0.97,2647.72,2729.61,8,8,1,2978.5
6_er-sparse_u_half0_p3,R1.2,ball,5.27393,0,4.39494,0.807887,1.2,100,98,0,0.98,2927.81,2987.56,8,8,1,3274.5
6_er-sparse_u_half0_p3,R1.2,box,5.27393,0,4.39494,0.807887,1.2,100,100,0,1,3505.38,3505.38,8,8,1,3367
6_er-sparse_u_half0_p3,R1.4,ball,6.15291,0,4.39494,0.807887,1.4,96,95,4,0.989583,3028.6,3694.55,6,6,1,2472.83
6_er-sparse_u_half0_p3,R1.4,box,6.15291,0,4.39494,0.807887,1.4,100,99,0,0.99,3147.96,3179.76,8,8,1,4426.12
6_er-sparse_u_half0_p3,RNone,box,,0,4.39494,0.807887,,100,99,0,0.99,3055.83,3086.7,8,8,1,2562.25
6_er-sparse_u_half1_p1,F0.5,ball,2.44423,0.395447,2.22203,0.790893,1.1,100,76,0,0.76,780,1026.32,8,6,0.75,2684.5
6_er-sparse_u_half1_p1,F0.5,box,2.44423,0.395447,2.22203,0.790893,1.1,100,71,0,0.71,719.29,1013.08,8,8,1,1392.62
6_er-sparse_u_half1_p1,F0.8,ball,2.44423,0.632715,2.22203,0.790893,1.1,100,77,0,0.77,740.74,962,8,8,1,1457.62
6_er-sparse_u_half1_p1,F0.8,box,2.44423,0.632715,2.22203,0.790893,1.1,100,80,0,0.8,802.36,1002.95,8,7,0.875,2538.71
6_er-sparse_u_half1_p1,F0.98,ball,2.44423,0.775075,2.22203,0.790893,1.1,100,73,0,0.73,765.96,1049.26,8,7,0.875,2635.29
6_er-sparse_u_half1_p1,F0.98,box,2.44423,0.775075,2.22203,0.790893,1.1,100,78,0,0.78,733.98,941,8,8,1,1462.5
6_er-sparse_u_half1_p1,R1.0,ball,2.22203,0,2.22203,0.790893,1,100,66,0,0.66,725.14,1098.7,8,8,1,1122.88
6_er-sparse_u_half1_p1,R1.0,box,2.22203,0,2.22203,0.790893,1,100,85,0,0.85,787.8,926.824,8,7,0.875,1929.57
6_er-sparse_u_half1_p1,R1.1,ball,2.44423,0,2.22203,0.790893,1.1,100,78,0,0.78,736.71,944.5,8,8,1,1235
6_er-sparse_u_half1_p1,R1.1,box,2.44423,0,2.22203,0.790893,1.1,100,80,0,0.8,801.32,1001.65,8,7,0.875,2057.71
6_er-sparse_u_half1_p1,R1.2,ball,2.66643,0,2.22203,0.790893,1.2,100,81,0,0.81,759.07,937.123,8,8,1,833.625
6_er-sparse_u_half1_p1,R1.2,box,2.66643,0,2.22203,0.790893,1.2,100,74,0,0.74,792.35,1070.74,8,7,0.875,1526.57
6_er-sparse_u_half1_p1,R1.4,ball,3.11084,0,2.22203,0.790893,1.4,100,73,0,0.73,722.54,989.781,8,7,0.875,1643.57
6_er-sparse_u_half1_p1,R1.4,box,3.11084,0,2.22203,0.790893,1.4,100,84,0,0.84,795.08,946.524,8,8,1,1225.25
6_er-sparse_u_half1_p1,RNone,box,,0,2.22203,0.790893,,100,79,0,0.79,780.78,988.329,8,8,1,2262
6_er-sparse_u_half1_p2,F0.5,ball,3.87398,0.379935,3.5218,0.759869,1.1,100,96,0,0.96,2076.75,2163.28,8,8,1,2415.62
6_er-sparse_u_half1_p2,F0.5,box,3.87398,0.379935,3.5218,0.759869,1.1,100,96,0,0.96,2029.5,2114.06,8,8,1,1900
6_er-sparse_u_half1_p2,F0.8,ball,3.87398,0.607896,3.5218,0.759869,1.1,100,95,0,0.95,2019.5,2125.79,8,8,1,2134.38
6_er-sparse_u_half1_p2,F0.8,box,3.87398,0.607896,3.5218,0.759869,1.1,100,99,0,0.99,2025.25,2045.71,8,8,1,2075
6_er-sparse_u_half1_p2,F0.98,ball,3.87398,0.744672,3.5218,0.759869,1.1,100,96,0,0.96,2017.75,2101.82,8,8,1,2200
6_er-sparse_u_half1_p2,F0.98,box,3.87398,0.744672,3.5218,0.759869,1.1,100,98,0,0.98,1870.5,1908.67,8,8,1,2078.12
6_er-sparse_u_half1_p2,R1.0,ball,3.5218,0,3.5218,0.759869,1,100,97,0,0.97,2078.75,2143.04,8,8,1,2559.38
6_er-sparse_u_half1_p2,R1.0,box,3.5218,0,3.5218,0.759869,1,100,99,0,0.99,2012.25,2032.58,8,8,1,2387.5
6_er-sparse_u_half1_p2,R1.1,ball,3.87398,0,3.5218,0.759869,1.1,100,98,0,0.98,1975,2015.31,8,8,1,2018.75
6_er-sparse_u_half1_p2,R1.1,box,3.87398,0,3.5218,0.759869,1.1,100,96,0,0.96,2010,2093.75,8,8,1,1906.25
6_er-sparse_u_half1_p2,R1.2,ball,4.22616,0,3.5218,0.759869,1.2,100,94,0,0.94,1963,2088.3,8,8,1,1681.25
6_er-sparse_u_half1_p2,R1.2,box,4.22616,0,3.5218,0.759869,1.2,100,93,0,0.93,2043.25,2197.04,8,8,1,2168.75
6_er-sparse_u_half1_p2,R1.4,ball,4.93052,0,3.5218,0.759869,1.4,100,95,0,0.95,2122.75,2234.47,8,8,1,2650
6_er-sparse_u_half1_p2,R1.4,box,4.93052,0,3.5218,0.759869,1.4,100,91,0,0.91,1942,2134.07,8,8,1,2290.62
6_er-sparse_u_half1_p2,RNone,box,,0,3.5218,0.759869,,100,98,0,0.98,2159,2203.06,8,8,1,1962.5
6_er-sparse_u_half1_p3,F0.5,ball,5.04119,0.30393,4.5829,0.607861,1.1,100,100,0,1,3599.36,3599.36,8,8,1,4786.88
6_er-sparse_u_half1_p3,F0.5,box,5.04119,0.30393,4.5829,0.607861,1.1,100,100,0,1,3084.69,3084.69,8,8,1,3468.75
6_er-sparse_u_half1_p3,F0.8,ball,5.04119,0.486289,4.5829,0.607861,1.1,44,44,0,1,2958.32,2958.32,0,0,0,
6_er-sparse_u_half1_p3,F0.8,box,5.04119,0.486289,4.5829,0.607861,1.1,100,98,0,0.98,3233.8,3299.8,8,8,1,3237.5
6_er-sparse_u_half1_p3,R1.0,ball,4.5829,0,4.5829,0.607861,1,100,100,0,1,3655.6,3655.6,8,8,1,3704.62
6_er-sparse_u_half1_p3,R1.0,box,4.5829,0,4.5829,0.607861,1,100,100,0,1,3587.15,3587.15,8,8,1,3191.25
6_er-sparse_u_half1_p3,R1.1,ball,5.04119,0,4.5829,0.607861,1.1,100,98,0,0.98,3293.37,3360.58,8,8,1,2950.75
6_er-sparse_u_half1_p3,R1.1,box,5.04119,0,4.5829,0.607861,1.1,100,99,0,0.99,3325.19,3358.78,8,8,1,3172.75
6_er-sparse_u_half1_p3,R1.2,ball,5.49948,0,4.5829,0.607861,1.2,100,100,0,1,3213.08,3213.08,8,8,1,2437.38
6_er-sparse_u_half1_p3,R1.2,box,5.49948,0,4.5829,0.607861,1.2,100,98,0,0.98,3241.94,3308.1,8,8,1,5230.88
6_er-sparse_u_half1_p3,R1.4,ball,6.41606,0,4.5829,0.607861,1.4,59,59,41,1,3007.03,3007.03,5,5,1,3078.4
6_er-sparse_u_half1_p3,R1.4,box,6.41606,0,4.5829,0.607861,1.4,100,100,0,1,3384.76,3384.76,8,8,1,3510.38
6_er-sparse_u_half1_p3,RNone,box,,0,4.5829,0.607861,,100,96,0,0.96,3388.46,3529.65,8,8,1,3246.75
