Row,Type,n,m,MaxCut,p1 floor,p1 gap,p2 floor,p2 gap,p3 floor,p3 gap,|Aut|,p1 unwtd filter,p2 unwtd filter,p3 unwtd filter,p1 wtd filter (2 draws),p2 wtd filter (2 draws),p3 wtd filter (2 draws),p1 filter = |Aut|?,p2 filter = |Aut|?,p3 filter = |Aut|?
0,er-sparse,6,6,5,-4.5,0.5,-5,0,-5,0,2,1,1,1,1 and 1,1 and 1,1 and 1,no,no,no
1,er-medium,6,8,7,-7,0,-7,0,-7,0,6,1,1,3,1 and 1,1 and 1,1 and 1,no,no,no
2,er-dense,6,10,8,-8,0,-8,0,-8,0,2,1,1,2,1 and 1,1 and 1,1 and 1,no,no,yes
3,3-regular,6,9,7,-6.5,0.5,-7,0,-7,0,12,6,6,2,1 and 1,1 and 1,1 and 1,no,no,no
4,4-regular,6,12,8,-8,0,-8,0,-8,0,48,12,24,24,1 and 1,1 and 1,1 and 1,no,no,no
5,cycle,6,6,6,-5,1,-5,1,-6,0,12,3,3,12,1 and 1,1 and 1,1 and 1,no,no,yes
6,path,6,5,5,-4.5,0.5,-4.5,0.5,-5,0,2,1,1,2,1 and 1,1 and 1,1 and 1,no,no,yes
7,tree,6,5,5,-4.5,0.5,-5,0,-5,0,2,1,2,2,1 and 1,1 and 1,1 and 1,no,yes,yes
8,star,6,5,5,-5,0,-5,0,-5,0,120,1,1,5,1 and 1,1 and 1,1 and 1,no,no,no
9,wheel,6,10,7,-7,0,-7,0,-7,0,10,5,5,10,1 and 1,1 and 1,1 and 1,no,no,yes
10,grid,6,7,7,-5.5,1.5,-7,0,-7,0,4,1,4,2,1 and 1,1 and 1,1 and 1,no,yes,no
11,prism,6,9,7,-6.5,0.5,-7,0,-7,0,12,6,6,4,1 and 1,1 and 1,1 and 1,no,no,no
12,barbell,6,7,5,-5,0,-5,0,-5,0,8,1,1,2,1 and 1,1 and 1,1 and 1,no,no,no
13,bipartite,6,9,9,-6.5,2.5,-9,0,-9,0,72,9,72,36,1 and 1,1 and 1,1 and 1,no,yes,no
14,complete,6,15,9,-9,0,-9,0,-9,0,720,15,15,15,1 and 1,1 and 1,1 and 1,no,no,no
15,er-sparse,7,7,6,-5.57735,0.42265,-6,0,-6,0,2,2,2,2,1 and 1,1 and 1,1 and 1,yes,yes,yes
16,er-medium,7,10,8,-7.5,0.5,-8,0,-8,0,1,1,1,1,1 and 1,1 and 1,1 and 1,yes,yes,yes
17,er-dense,7,15,11,-11,0,-11,0,-11,0,1,1,1,1,1 and 1,1 and 1,1 and 1,yes,yes,yes
18,4-regular,7,14,10,-9,1,-10,0,-10,0,14,7,14,14,1 and 1,1 and 1,1 and 1,no,yes,yes
19,cycle,7,7,6,-5.5,0.5,-6,0,-6,0,14,7,14,14,1 and 1,1 and 1,1 and 1,no,yes,yes
20,path,7,6,6,-5,1,-5.5,0.5,-6,0,2,1,2,2,1 and 1,1 and 1,1 and 1,no,yes,yes
21,tree,7,6,6,-5.5,0.5,-6,0,-6,0,8,1,4,4,1 and 1,1 and 1,1 and 1,no,no,no
22,star,7,6,6,-6,0,-6,0,-6,0,720,1,1,6,1 and 1,1 and 1,1 and 1,no,no,no
23,wheel,7,12,9,-9,0,-9,0,-9,0,12,2,6,12,1 and 1,1 and 1,1 and 1,no,no,yes
24,bipartite,7,12,12,-8.5,3.5,-12,0,-12,0,144,12,36,36,1 and 1,1 and 1,1 and 1,no,no,no
25,complete,7,21,,,,,,,,,,,,1 and 1,1,,,,
26,er-sparse,8,8,7,-6.5,0.5,-7,0,-7,0,1,1,1,1,1 and 1,1 and 1,1 and 1,yes,yes,yes
31,cycle,8,8,8,-6.5,1.5,-7,1,-7,1,16,8,16,8,1 and 1,1 and 1,1 and 1,no,yes,no
32,path,8,7,7,-6,1,-6.5,0.5,-6.5,0.5,2,1,1,2,1 and 1,1 and 1,1 and 1,no,no,yes
33,tree,8,7,7,-6.5,0.5,-6.5,0.5,-7,0,6,1,3,6,1 and 1,1 and 1,1 and 1,no,no,yes
34,star,8,7,,,,,,,,,,,,1 and 1,1 and 1,1 and 1,,,
36,grid,8,10,10,-7.5,2.5,-9,1,,,4,4,4,,1 and 1,1 and 1,,yes,yes,